group,count,readmission_rate,recall,precision,false_positive_rate,false_negative_rate,predicted_positive_rate
[70-80),3917,0.12458514169006893,0.7725409836065574,0.17105263157894737,0.5328083989501312,0.22745901639344263,0.5626755169772786
[60-70),3440,0.10726744186046512,0.6883468834688347,0.14606095457159288,0.4835558450016281,0.3116531165311653,0.5055232558139535
[80-90),2586,0.11020881670533643,0.8,0.14013521819299324,0.6079965232507606,0.2,0.6291569992266048
[50-60),2574,0.09673659673659674,0.6907630522088354,0.1857451403887689,0.3243010752688172,0.3092369477911647,0.35975135975135974
[40-50),1486,0.10296096904441454,0.7189542483660131,0.18456375838926176,0.36459114778694673,0.28104575163398693,0.40107671601615075
[30-40),533,0.10318949343339587,0.509090909090909,0.15730337078651685,0.3138075313807531,0.4909090909090909,0.3339587242026266
[90-100),403,0.12406947890818859,0.68,0.1650485436893204,0.48725212464589235,0.32,0.511166253101737
[20-30),217,0.12903225806451613,0.6428571428571429,0.24324324324324326,0.2962962962962963,0.35714285714285715,0.34101382488479265
[10-20),101,0.0594059405940594,0.0,0.0,0.1368421052631579,1.0,0.12871287128712872
[0-10),21,0.047619047619047616,0.0,,0.0,1.0,0.0
